threadId,duration
198,295
198,246
195,758
192,758
206,757
191,759
210,758
200,761
2019,770
199,760
202,761
196,762
201,760
214,759
203,760
186,762
182,763
187,764
180,764
184,765
188,766
207,763
179,766
181,766
204,765
197,766
205,766
189,767
170,768
176,769
173,768
168,770
166,770
193,769
165,770
212,768
178,769
209,768
185,770
223,766
222,767
216,769
194,772
177,772
190,772
236,766
163,774
225,769
183,774
172,775
255,767
232,770
245,769
158,777
221,772
241,770
228,773
156,780
263,770
99,782
104,782
299,767
160,781
113,783
385,762
235,776
135,782
352,764
140,781
441,761
486,759
290,769
351,764
497,758
473,759
476,760
403,764
435,762
41,789
503,760
316,770
71,789
283,775
82,789
67,790
23,791
69,790
91,789
515,761
77,791
68,791
480,764
318,773
65,791
61,792
141,791
369,772
507,765
325,775
20,794
78,794
28,795
74,795
341,775
505,767
499,767
49,795
355,776
270,784
310,778
469,770
407,773
136,795
508,769
333,779
423,774
426,773
485,769
463,770
495,771
422,775
517,769
482,771
518,769
436,773
38,798
474,770
468,773
470,772
398,777
401,778
510,772
47,801
24,802
198,245
400,783
432,782
488,780
64,807
640,776
76,807
30,809
560,777
632,778
643,777
900,766
489,781
677,778
756,775
648,778
584,783
652,781
642,781
574,783
667,782
912,773
783,782
606,785
682,784
698,784
566,789
759,785
617,789
555,790
672,788
561,791
681,789
567,791
694,788
1337,752
680,790
563,792
646,818
529,821
778,817
609,820
626,821
615,820
772,819
633,822
645,821
604,834
822,830
608,836
650,835
554,835
1328,799
744,834
569,837
789,834
622,835
668,834
763,832
603,835
592,835
636,833
639,833
743,831
721,833
715,833
1359,789
776,831
653,833
568,835
1059,818
933,825
1394,787
548,839
599,838
546,835
600,838
1895,751
686,835
687,835
1343,795
699,835
1006,819
1410,784
607,837
627,836
1345,794
542,837
1347,793
1618,771
551,836
596,836
769,832
727,834
1064,815
685,835
1884,762
1668,776
1532,785
1674,778
1408,792
1607,783
1619,783
1734,776
1736,776
1402,796
1749,774
1503,789
1515,788
1593,783
1745,773
1492,788
1678,777
1433,793
1236,814
1622,780
1551,784
1421,792
1499,790
1695,780
1896,760
1744,778
1395,799
1458,795
1591,787
1130,824
1486,794
1670,781
1602,786
1474,796
880,843
1592,789
1897,766
1817,777
1862,774
1621,787
1527,795
1535,793
1903,767
1425,798
1420,803
1900,767
1404,804
1868,774
1411,805
1597,790
1790,779
1612,790
1633,790
1721,784
1866,771
1713,782
1764,780
1876,774
1488,798
1751,781
1616,788
1685,784
1559,798
1563,791
1543,792
1875,779
1462,804
1289,824
1570,797
1089,835
1709,788
1796,782
1429,804
1806,781
1045,836
1680,788
1869,780
1707,790
1143,835
1055,841
946,847
1493,805
1909,773
1639,797
631,864
1185,835
1033,845
1650,799
1023,854
1269,839
1704,803
1136,848
941,861
1881,792
1380,824
799,870
1827,797
1086,852
1041,856
1821,799
1099,852
1257,843
1671,807
1642,809
1312,840
1813,798
1111,850
1542,817
1292,842
1192,848
893,866
1202,847
1074,854
852,871
1828,798
1682,808
847,869
1314,843
1939,784
1935,785
1944,783
1596,818
1652,814
1994,779
801,878
1770,807
803,878
1984,782
1664,817
813,879
1389,833
1915,793
1983,783
2004,781
1263,851
1973,785
1155,860
1975,787
1726,817
2001,786
1996,786
825,882
2013,785
1925,796
1907,799
1424,837
1391,838
1203,859
1396,837
1201,858
1656,824
850,884
1315,854
1997,790
1212,860
1892,808
1878,811
1991,790
1807,815
1138,867
1325,855
1283,858
1419,839
1702,824
1272,859
1446,839
848,886
1255,859
1657,829
1710,827
1537,836
1440,843
1149,870
1321,859
1754,823
1640,830
1928,803
1304,861
1150,872
1031,879
1789,821
1665,830
1837,819
1885,815
1937,802
1301,863
1688,829
1029,880
1963,800
1241,867
1388,850
1946,803
2017,797
1965,802
885,891
1037,882
838,895
1959,804
1412,851
1509,845
1096,880
1224,872
1659,836
1658,836
1318,866
1093,881
889,894
1952,807
1231,873
2002,802
1544,845
1785,831
1244,874
823,902
1152,880
1454,853
1105,883
935,895
1217,878
1553,849
1313,873
1075,888
1003,893
1613,847
1331,874
1071,891
1514,854
1214,881
1426,860
1834,835
1422,864
1181,888
1300,880
1210,886
862,908
1438,865
1625,853
1954,820
1913,827
958,904
1229,887
1297,883
1270,885
1310,883
1243,887
1555,860
991,904
206,245
192,246
195,246
202,243
2019,243
196,243
191,245
210,245
200,245
199,243
186,244
182,244
203,244
201,246
214,246
187,247
207,245
205,244
184,245
204,245
197,245
180,248
188,246
176,244
170,246
189,247
179,246
181,246
193,244
173,245
168,245
165,244
166,244
163,244
216,246
236,244
190,244
223,245
232,243
178,245
212,246
185,245
222,244
209,244
183,246
245,244
255,244
172,244
225,244
194,246
177,245
241,244
221,244
158,244
228,245
104,243
156,244
263,244
160,245
99,246
235,244
290,244
299,246
385,245
113,245
486,245
135,246
441,246
351,246
352,246
403,245
473,245
435,244
140,246
82,245
71,246
515,244
69,245
283,246
41,247
503,247
23,246
91,246
67,246
65,244
77,245
316,247
318,246
78,244
507,245
68,247
480,246
369,245
61,246
141,246
20,245
325,246
341,244
74,245
28,245
505,246
499,245
49,245
136,244
310,245
469,246
407,245
355,247
422,244
270,247
333,245
426,245
508,246
482,245
463,245
495,244
468,244
436,245
510,244
474,244
38,245
423,246
518,244
517,244
485,245
24,245
198,245
47,244
401,246
432,244
64,244
488,244
30,243
400,244
76,243
640,245
677,242
900,243
643,244
489,244
632,244
756,244
560,246
648,244
642,244
652,245
574,245
584,245
667,245
912,244
682,244
698,244
606,244
783,245
566,245
617,245
672,245
555,245
563,246
1337,245
680,245
567,244
561,245
694,244
681,245
759,245
529,245
778,245
646,246
626,245
609,245
615,245
645,244
772,246
633,246
608,243
822,243
650,244
604,245
569,244
554,244
622,244
789,244
744,245
1328,245
743,243
639,243
668,243
603,244
636,244
763,245
721,246
1059,245
1359,244
933,244
653,244
568,245
592,245
776,244
715,247
1532,247
1736,246
1619,246
1668,248
1674,247
1734,247
1749,246
1884,248
1402,246
1236,244
1591,244
1515,245
1395,244
1896,245
1130,244
1745,246
1492,246
1607,247
1433,246
1408,247
1503,246
1593,246
1678,246
1458,245
1602,244
1474,244
1486,245
1744,246
1695,245
1499,245
880,244
1862,243
1670,247
1621,243
1817,245
1592,245
1897,245
1527,246
1900,245
1535,245
1425,245
1404,245
1411,244
1868,244
1420,245
1903,245
1612,245
1790,245
1866,245
1633,245
1721,245
1597,246
1559,246
1462,245
1563,246
1616,246
1875,245
1751,247
1685,246
1543,245
1680,245
1089,246
1707,245
1869,245
1143,245
1185,244
1033,244
1055,246
631,244
1909,246
1493,246
1650,245
1269,245
1704,245
941,245
1881,245
1136,245
1023,246
1041,244
1380,246
799,245
1827,245
1821,245
1086,246
1099,244
1813,244
1312,245
1074,244
1642,245
1111,244
1671,245
1202,244
1292,244
1542,245
1257,246
893,244
1192,245
852,244
1939,244
1314,244
1935,244
1944,244
803,243
1994,244
1652,245
801,245
1770,245
1596,245
1984,244
1263,244
813,244
1664,244
2004,244
1389,245
1983,245
1726,242
2001,242
1915,245
1973,244
1391,244
1424,244
1907,244
1155,246
2013,244
1975,246
825,245
1996,245
1925,246
1203,246
1201,245
1892,243
1396,246
1878,243
1997,244
1212,244
1656,246
850,245
1807,245
1702,245
848,245
1419,244
1991,246
1315,246
1325,246
1272,245
1283,245
1138,246
1446,245
1149,251
1959,245
1658,245
1321,251
1885,250
1965,249
1657,251
1963,250
885,246
1304,250
1952,245
1544,244
2002,244
838,248
1946,249
935,244
1837,251
1509,246
889,245
1710,252
1928,250
1537,252
1789,250
1318,245
1412,246
1029,249
1388,248
1037,246
1688,248
1093,245
2017,247
1301,249
1659,245
1150,250
1937,249
1031,250
1224,244
1241,248
1096,244
1255,254
1754,251
1640,250
1665,249
1440,251
1003,244
1217,245
1613,244
1313,244
1331,244
1454,245
823,245
1152,244
1105,244
1244,244
1834,244
1231,245
1785,245
1071,244
1553,245
1075,245
1514,244
1426,245
1214,246
1181,245
1300,244
1210,244
1422,246
862,245
1438,245
958,245
1954,245
1625,246
1555,243
1310,244
991,248
1913,244
1270,244
1229,245
1243,249
1297,245
192,245
195,246
206,246
202,245
196,245
200,244
191,246
214,244
186,245
2019,246
182,246
201,244
210,245
203,245
199,246
184,244
180,243
187,244
207,244
197,243
205,244
204,245
176,245
188,247
170,245
193,245
173,244
181,245
179,245
168,245
189,246
166,244
216,245
245,242
163,245
236,244
223,244
190,244
209,244
212,245
178,245
232,245
165,248
185,245
222,245
177,247
241,246
158,246
104,244
156,244
160,245
235,245
263,246
385,245
99,245
290,244
299,245
476,488
486,244
135,244
497,489
352,245
403,245
435,245
473,244
113,246
140,245
441,246
351,246
77,244
82,247
71,246
67,246
41,247
283,247
69,247
515,248
91,246
23,246
65,246
316,246
78,246
341,244
503,248
20,245
141,245
499,244
505,244
325,246
507,247
61,247
68,247
318,247
480,246
28,245
369,246
74,245
469,245
422,244
355,245
270,244
136,246
470,488
49,247
310,246
398,487
407,245
333,244
426,245
468,244
482,245
463,245
495,244
508,245
423,243
474,244
518,244
510,245
24,244
38,245
436,246
485,245
517,245
900,246
400,247
643,245
677,246
30,247
640,247
489,245
76,248
756,245
488,248
632,245
432,248
64,247
560,246
648,246
642,247
652,247
574,247
698,244
584,247
617,248
912,254
667,254
606,252
783,253
566,249
682,253
672,248
555,248
1337,248
680,248
759,247
563,249
681,248
694,248
561,248
567,249
626,244
778,245
646,244
609,245
529,247
615,246
633,246
645,246
772,246
650,245
822,245
604,244
608,245
622,244
599,487
603,244
668,244
554,246
789,245
636,244
744,246
569,246
1328,246
743,247
686,489
639,246
1410,488
933,245
1394,491
1059,247
687,491
1359,247
699,490
548,491
763,247
653,247
627,491
600,492
546,492
776,247
568,246
592,246
721,247
607,490
715,247
1343,495
1064,493
1347,494
596,494
1236,242
727,494
685,493
551,494
1551,489
1668,245
1006,496
1532,245
1622,490
1674,245
1749,246
1895,497
769,497
1515,245
1734,246
1618,497
1896,245
1402,244
1607,243
1408,245
1503,245
1884,245
1591,244
1345,497
1421,490
1736,245
542,497
1619,246
1486,245
1499,245
1474,245
1695,245
1678,244
880,244
1130,246
1433,245
1395,246
1492,245
1593,245
1745,246
1862,245
1670,245
1744,246
1602,245
1458,245
1868,243
1900,246
1527,246
1713,489
1897,247
1425,246
1535,246
1621,248
1764,489
1817,247
1420,245
1903,245
1488,489
1404,246
1592,247
1411,245
1876,491
1612,246
1570,489
1709,488
1806,488
1633,246
1796,488
1680,243
1866,246
1721,246
1045,488
1462,245
1597,246
1790,246
1289,489
1616,245
1563,246
1559,245
1875,245
1089,244
1033,243
1543,245
1751,246
1429,491
1707,245
1055,244
1639,489
946,490
1185,244
1685,247
1869,245
1143,245
631,245
1493,245
1909,245
1650,247
1704,244
1136,244
1881,244
1269,245
941,245
1380,245
1023,246
1827,245
799,245
1312,244
1671,244
1813,245
847,487
1074,244
1682,487
1086,245
1099,246
1041,246
1111,245
1642,245
1821,245
852,244
1257,245
1192,245
1202,245
893,245
1292,245
1314,244
1828,489
1542,245
1939,245
1944,244
1935,245
1770,244
1994,244
801,244
803,245
1652,244
1596,245
1984,245
2004,244
1664,244
1726,244
1263,245
1983,245
1389,245
813,245
1973,246
1155,247
1203,245
1907,247
1975,247
1892,244
2001,249
1878,245
1424,248
1915,249
1925,246
1391,248
825,247
850,245
1656,245
1396,246
1702,244
1201,246
2013,248
1996,247
1212,245
1997,245
1807,245
1991,245
1272,246
1446,245
848,246
1315,246
1325,246
1419,246
1138,246
1283,248
1149,245
1321,244
1658,245
1965,244
1959,245
1657,245
1304,244
1963,246
885,246
1885,247
935,244
1544,245
1412,243
2002,245
1952,245
1789,244
1509,245
889,245
1946,245
1318,244
1710,245
1837,245
1029,244
1928,245
838,245
1537,245
1388,245
1688,245
1037,246
1224,245
1217,244
1093,245
1003,244
1241,244
1031,245
1331,244
1613,245
1313,245
1244,246
1553,246
1426,245
1214,245
1181,245
1422,244
1300,244
1210,244
1438,246
1625,246
1555,246
1954,246
862,249
958,247
991,246
1310,248
427,1469
395,1471
512,1466
381,1473
481,1467
460,1468
392,1473
406,1472
509,1466
417,1472
87,1495
376,1474
519,1467
437,1471
448,1471
195,244
192,245
514,1469
452,1471
454,1472
206,244
349,1479
202,245
303,1482
200,245
186,244
440,1475
347,1480
214,245
513,1473
203,243
511,1471
196,246
182,244
191,244
471,1475
52,1502
416,1478
358,1481
386,1480
210,244
201,244
199,246
2019,245
413,1479
180,243
205,246
491,1479
462,1481
207,246
184,247
36,1507
494,1478
179,244
335,1487
181,245
170,245
187,246
45,1506
456,1480
322,1491
197,246
193,246
467,1482
188,245
444,1482
281,1494
176,245
189,246
204,246
466,1480
371,1489
26,1512
443,1482
493,1479
479,1484
168,246
439,1485
166,245
173,246
321,1493
516,1482
209,245
232,245
178,245
223,246
35,1515
183,491
59,1514
163,247
222,244
326,1497
194,491
73,1515
255,490
212,246
236,247
216,247
225,492
147,1514
418,1491
165,247
245,249
185,246
224,1511
455,1492
449,1489
272,1506
221,490
290,244
299,244
190,247
172,490
312,1501
244,1509
241,247
156,247
228,494
257,1507
385,246
442,1493
158,246
247,1508
55,1518
104,246
282,1504
177,245
174,1518
476,246
235,245
898,1480
263,245
160,245
486,244
99,244
135,246
738,1489
497,246
352,247
441,246
435,247
473,247
82,245
77,245
351,246
403,247
691,1493
71,244
113,247
635,1493
140,247
1354,1450
1012,1478
708,1494
661,1495
890,1486
341,244
78,245
61,243
989,1483
806,1495
20,246
141,246
41,248
67,248
503,247
91,248
283,248
1137,1476
1358,1456
515,249
507,248
69,249
68,246
316,247
369,245
23,248
28,249
65,247
74,248
355,248
499,246
945,1486
318,245
325,245
480,245
654,1504
495,248
728,1504
136,247
47,491
1141,1482
463,247
468,247
1013,1490
24,248
684,1508
485,246
470,247
310,247
1032,1486
1018,1486
333,246
864,1503
298,1526
422,247
469,248
49,246
768,1501
407,246
784,1509
398,246
396,1511
582,1503
426,244
541,1503
602,1502
505,246
900,244
30,243
790,1507
711,1508
756,244
613,1511
696,1509
44,1541
757,1507
670,1509
669,1509
1020,1491
780,1507
1349,1466
700,1507
80,1540
517,246
423,249
969,1494
673,1508
518,248
1145,1482
1348,1465
549,1509
436,247
773,1505
508,247
401,490
510,247
198,490
38,246
474,246
270,248
482,246
584,244
642,244
76,246
648,244
752,1513
64,245
632,245
643,245
489,245
560,244
432,244
488,243
677,244
400,245
640,244
574,246
698,245
652,246
912,245
637,1528
783,245
971,1514
759,244
617,248
550,1531
681,244
85,1561
680,244
672,245
566,245
564,1533
606,246
667,246
682,245
397,1538
710,1528
561,245
567,245
690,1530
1505,1475
694,245
543,1532
761,1528
478,1535
1547,1471
555,246
372,1541
1337,245
1879,1452
563,244
1036,1511
1341,1496
1739,1462
1399,1483
1517,1475
1476,1477
1891,1450
1887,1453
1258,1502
1372,1487
1762,1462
1889,1455
1742,1465
1398,1485
1371,1488
1893,1451
1216,1506
1894,1451
651,1537
766,1535
683,1537
869,1532
1053,1521
1070,1520
1028,1522
1377,1493
544,1543
1808,1465
977,1526
1376,1493
1375,1493
749,1540
701,1540
714,1541
735,1540
713,1540
1336,1504
948,1528
1342,1503
930,1531
856,1536
666,1543
646,245
778,245
626,245
1720,1484
1431,1504
1631,1492
529,244
1780,1482
609,245
615,245
1740,1486
633,244
901,1548
645,244
1085,1536
1294,1524
1482,1503
716,1558
1409,1508
1755,1487
1872,1479
772,246
758,1558
1407,1510
1737,1488
1567,1499
1829,1487
1854,1486
1083,1544
1418,1514
1729,1495
1401,1515
1589,1510
1874,1492
1727,1502
1738,1502
931,1561
1760,1501
956,1561
1711,1504
1898,1487
1693,1505
1352,1530
1413,1523
1490,1519
1816,1497
1600,1511
1417,1522
1901,1489
650,252
554,248
622,250
822,252
1747,1506
744,249
639,248
743,249
745,1576
1676,1510
608,252
1485,1522
604,253
603,249
1763,1506
1393,1529
687,249
1400,1528
592,247
1410,250
739,1577
699,249
599,251
819,1574
686,249
636,250
685,244
727,244
1392,1528
1689,1510
933,249
1551,245
1051,1559
1847,1500
1507,1521
1328,249
769,244
668,250
1450,1524
1515,244
1622,245
1674,244
1532,245
1734,244
1618,244
1402,243
1006,246
1064,246
1347,245
596,244
1408,244
546,248
1359,250
551,244
568,248
1343,245
1236,244
627,249
607,248
1059,249
585,1581
1394,249
776,247
1607,246
721,247
1538,1521
1765,1508
653,248
715,247
1719,1510
600,248
763,248
569,251
1863,1508
722,1578
1499,245
548,247
789,251
1433,245
1619,246
1503,246
1591,246
1884,245
1421,244
1749,245
542,243
1458,245
1811,1512
1756,1516
1896,245
1668,247
1345,243
1486,248
1895,245
1678,247
1447,1536
1868,245
1736,248
1115,1566
1908,1500
1130,247
1474,247
880,246
1695,246
1602,245
1395,246
1492,245
1897,244
1527,245
1713,246
1488,244
1425,246
1404,245
1621,244
1764,244
1709,244
1900,246
1172,1565
1045,244
1796,245
1817,245
1535,245
1843,1514
1420,245
1592,245
1903,244
1831,1517
1905,1506
1570,245
1721,244
1633,245
1411,245
1460,1539
1680,244
1298,1558
1790,246
1876,245
1597,246
1751,245
1289,246
1769,1523
1457,1543
1462,246
1033,245
1559,245
1543,245
1634,1531
1154,1571
1563,245
1806,246
1585,1535
1866,245
1612,246
1639,246
1089,246
1869,245
883,1588
1685,246
1185,246
1616,246
1707,246
1143,244
946,245
1055,245
1266,1563
631,244
1875,246
1234,1567
1840,1520
1662,1531
1909,244
1534,1539
1493,244
1429,246
1814,1525
1182,1574
1489,1546
1644,1536
1256,1569
1498,1546
1571,1541
1804,1527
1104,1580
1464,1549
1911,1513
1626,1539
865,1596
1211,1574
1650,247
1415,1552
1057,1584
1861,1525
834,1598
835,1598
1475,1548
1699,1536
1523,1546
1449,1551
1496,1548
1191,1576
1500,1548
1587,1542
851,1599
1495,1549
1473,1551
1186,1577
1902,1519
1136,244
1204,1578
1611,1544
1196,1579
1704,245
1881,245
1269,245
1439,1555
941,245
1023,244
1483,1553
799,244
1827,244
1380,245
1257,244
1682,246
1041,246
1821,245
847,246
1111,246
1642,246
1074,247
1813,247
893,244
1086,247
852,246
1192,247
801,244
1671,247
1770,244
1292,245
1828,245
1099,247
1994,243
1939,245
1944,245
1202,246
1935,244
1314,245
1542,245
1312,248
1652,244
803,244
1596,244
2004,245
1726,245
1664,245
1263,245
1984,246
813,244
1259,1587
1389,245
1215,1589
1983,245
1554,1560
1144,1595
1142,1595
1669,1554
1973,243
589,1622
1815,1546
1451,1570
1696,1555
1092,1601
1608,1560
1848,1545
1155,245
1892,244
1907,245
1203,245
1975,244
1842,1546
825,245
1997,244
2013,244
1702,244
1656,245
1915,245
1586,1564
1396,245
1391,246
1996,244
1855,1549
1201,245
1712,1558
850,246
2001,247
1327,1590
1546,1568
1212,245
1878,247
1794,1552
1228,1598
1251,1597
1424,246
1925,246
879,1621
1686,1561
1771,1556
1320,1593
1807,246
1991,245
1325,244
1138,244
1315,246
848,246
1926,1538
1446,246
1283,245
1272,247
1303,1596
1830,1554
1933,1537
1246,1601
1930,1540
1311,1597
1865,1553
1088,1611
1679,1566
1603,1570
1007,1618
1273,1601
1957,1535
1708,1565
1265,1601
1560,1574
1683,1565
1549,1574
1087,1613
1419,249
1923,1542
897,1626
1267,1601
1264,1602
787,1633
1248,1603
1825,1559
1694,1568
1321,245
731,1636
1922,1545
1149,245
1239,1606
1959,245
1657,245
1716,1570
1304,245
812,1636
1383,1591
885,248
1978,1543
1658,250
1412,249
1965,251
1659,491
1928,247
889,248
1789,248
1247,1612
1775,1571
1029,248
838,247
1837,248
1037,248
1440,492
1003,247
935,249
1963,249
1388,248
1544,249
823,492
1553,245
1613,247
1105,492
1301,491
1976,1544
1952,248
2002,249
1785,491
1514,490
1454,492
1231,491
1665,492
1426,244
1244,245
1071,491
1152,491
1096,493
1075,491
1834,491
1331,247
1688,248
1509,250
1224,248
1129,1621
1937,493
1313,246
1241,247
1255,492
1093,248
1980,1545
1640,492
1031,247
1150,493
1754,491
1885,250
1537,248
1318,248
2017,492
1946,249
1217,247
1710,248
1422,245
1210,245
1181,245
1214,245
1300,246
1964,1554
1969,1553
1295,1617
1139,1627
1082,1631
1833,1575
1556,1592
841,1646
1625,244
531,1656
1555,244
1954,245
1438,244
530,1657
958,245
2008,1553
1223,1625
862,245
1167,1629
1243,488
1526,1599
1706,1588
1308,1622
831,1652
1970,1559
1261,1624
1076,1636
1279,1624
1297,489
628,1659
1319,1622
1761,1586
1767,1586
1245,1627
991,245
1913,490
1270,490
1229,490
1456,1606
1310,245
1960,1566
1951,1567
881,1656
1966,1566
1628,1601
1316,1629
1140,1641
1945,1570
1198,1637
1948,1569
857,1658
1385,1616
993,1649
979,1650
1564,1605
1578,1606
911,1658
1448,1615
1302,1633
1572,1616
1233,1646
1941,1581
1698,1609
1998,1577
899,1668
795,1675
1667,1612
1609,1615
1582,1618
1630,1615
995,1663
1084,1657
1078,1658
1119,1657
1641,1615
1873,1602
1797,1607
807,1681
1494,1628
1427,1633
1801,1610
481,243
395,243
427,245
381,244
512,244
460,244
392,245
406,244
519,243
437,243
87,245
417,245
509,245
376,244
195,244
514,243
454,244
206,244
448,245
192,245
452,245
200,244
303,245
202,245
186,244
349,245
347,246
182,245
201,244
199,244
386,245
358,245
52,246
440,248
196,247
513,246
2019,244
203,246
471,246
210,246
214,247
511,247
191,246
416,245
184,245
207,245
205,245
36,245
462,245
179,244
456,244
494,246
335,245
193,244
491,246
188,244
181,245
45,245
170,246
467,245
444,245
322,245
204,244
197,245
281,245
187,246
493,244
26,244
371,244
176,245
466,245
189,245
443,246
178,244
209,245
439,245
232,244
35,244
166,246
223,245
222,243
326,244
59,245
183,244
163,243
255,245
216,245
212,246
225,246
236,246
245,244
147,245
73,247
194,247
418,245
449,243
165,244
185,244
221,245
290,245
299,244
224,246
190,244
442,244
172,244
244,244
312,244
272,245
257,244
156,244
241,244
385,245
228,245
55,244
247,252
177,251
82,247
282,251
1354,246
738,250
174,251
78,245
61,245
140,248
708,247
989,245
890,247
71,248
1012,247
351,249
341,246
77,249
352,250
661,247
403,249
691,248
441,250
113,248
635,248
435,248
898,251
158,253
473,248
235,252
497,251
67,246
369,243
283,245
507,243
1137,244
503,244
20,245
104,254
806,246
69,245
91,244
41,245
141,245
316,244
1358,246
68,244
945,244
325,243
23,245
318,243
515,246
65,244
28,244
355,245
74,245
654,244
136,244
480,245
499,246
728,246
47,245
1013,245
684,244
310,244
485,244
495,248
468,246
24,245
1141,246
463,246
333,244
784,243
422,244
470,245
1018,245
1032,245
49,244
398,244
864,245
582,245
900,244
613,243
298,246
407,245
396,246
768,245
669,243
602,244
469,245
505,245
541,245
426,245
711,243
696,245
1020,244
757,245
756,245
780,244
44,245
518,244
700,245
670,245
1145,244
423,245
1349,246
673,245
773,246
38,245
76,244
648,244
64,244
912,246
971,245
637,245
759,244
681,245
85,245
672,245
680,247
690,245
561,245
372,244
397,246
550,247
1053,244
1476,249
543,245
651,248
682,246
869,245
1070,245
977,244
1889,249
766,248
563,252
1399,251
1372,249
1371,249
1398,249
761,253
683,248
555,251
1742,248
1891,249
1258,248
1028,244
1547,251
1517,250
617,248
478,245
1879,245
1337,244
667,246
1505,246
606,246
564,246
566,246
783,248
694,245
567,245
710,245
749,246
1376,246
713,246
1336,246
701,246
735,245
1375,245
714,245
1808,245
1377,245
1762,249
544,244
856,246
948,247
930,245
1342,245
666,247
646,244
626,244
1720,245
778,245
1631,243
1780,244
529,244
609,244
1431,245
1740,244
633,244
615,244
1085,245
1294,244
645,245
1482,244
901,245
1755,246
1409,246
716,246
1407,245
1737,246
1872,246
772,246
758,246
1567,246
1418,244
1854,244
1829,245
1083,244
1729,244
1401,246
1874,244
1727,244
1589,244
1738,245
956,244
1711,244
931,245
1417,244
1898,245
1490,245
1760,245
1693,245
1816,244
1352,246
1600,245
1413,246
1901,245
822,245
650,245
622,246
554,246
603,243
744,244
608,243
1485,244
1763,244
745,244
1676,244
743,245
639,245
604,244
1747,246
687,245
1400,245
1393,245
686,244
1410,245
699,244
819,244
592,245
739,245
1051,244
599,245
1689,244
685,245
1392,244
636,245
727,244
1551,244
1847,244
1006,243
933,245
1618,243
1674,245
668,245
1532,245
1507,246
1622,245
1347,244
769,245
1515,245
1450,245
1328,245
596,245
1734,245
1343,244
1394,243
1059,245
546,245
568,245
1236,245
607,245
721,244
1402,246
1359,245
1064,247
569,244
1607,245
1408,247
1421,244
776,246
653,246
1863,245
1499,245
1591,245
722,245
1811,244
1668,244
1458,245
1486,244
1345,244
1908,243
1862,491
1130,245
1736,245
1895,246
1896,247
1447,245
1593,492
1670,492
1744,492
1745,492
542,247
1115,245
1678,246
1868,245
880,244
1695,245
1756,247
1404,245
1045,244
1713,245
1527,245
1172,244
1488,245
1425,246
1621,247
1817,246
1420,245
1764,246
1796,246
1709,246
1900,245
1411,245
1570,245
1831,245
1535,246
1633,245
1460,244
1721,245
1592,245
1843,246
1905,245
1543,245
1289,245
1033,245
1559,245
1903,247
1457,245
1639,245
1876,246
1751,247
1597,246
1680,246
1790,247
1769,245
1462,246
1154,245
1634,245
1298,247
1840,243
1585,246
1143,245
1875,244
1806,246
1089,246
1707,245
1266,245
1616,245
1055,245
1612,247
1685,246
631,246
946,246
1234,245
1869,245
1866,246
1185,245
1662,244
883,245
1563,246
1429,246
1498,244
1814,245
1644,244
1489,244
1182,245
1256,244
1415,244
1571,245
865,244
1911,245
1523,244
1804,245
1464,245
1650,245
1626,245
1104,245
1211,245
1475,245
1057,245
1500,244
1699,245
851,244
1449,244
1496,244
1587,245
1191,245
1861,246
835,246
834,246
1473,244
1902,244
1186,244
1495,246
1704,244
1204,244
1136,245
1611,245
1196,245
799,243
1881,245
1483,245
1023,245
1827,244
1269,246
1439,245
1380,244
941,246
1821,244
847,244
1257,245
1111,244
1682,244
1642,244
1041,244
1192,244
1770,244
801,244
893,245
1813,246
1086,246
1935,244
1828,245
1074,246
1202,244
1994,245
1292,245
1944,244
1939,244
1099,245
852,245
1671,245
1652,244
1312,244
1542,245
1314,245
803,245
1596,247
1664,245
1263,246
1389,245
2004,246
813,246
1973,243
1259,245
1984,246
1215,245
1554,244
1726,246
1669,244
1144,245
1142,245
589,244
1983,246
1451,245
1907,244
1203,244
1155,244
1848,245
1092,245
1815,246
1696,245
1842,245
1975,245
1608,246
1892,245
1997,246
825,246
2001,244
1915,245
1702,245
1794,244
1396,246
1996,245
1327,245
1212,245
1855,245
1712,245
2013,247
1656,246
1201,245
1391,246
850,245
1586,246
1878,245
1546,246
1138,244
1424,246
1251,246
879,246
1325,245
1771,246
1925,246
1807,245
1320,245
1686,247
848,245
1303,246
1315,245
1991,246
1446,245
1272,245
1228,247
1708,244
1933,246
1265,244
1283,247
1930,245
1311,245
1679,246
1683,245
897,244
1007,245
1246,246
1957,245
1830,247
1926,247
1419,245
1248,244
1088,245
1549,243
1865,245
1560,244
1923,245
1087,245
1694,245
1603,246
1273,246
1825,245
1267,246
1264,246
787,247
731,245
1321,245
1239,244
1716,244
1149,245
1922,246
1304,245
812,244
1959,245
1657,245
1383,244
1965,245
1658,245
885,246
1412,245
1837,244
1659,246
1928,245
1247,245
889,246
1003,245
1978,247
1388,243
1544,244
838,245
1775,245
1514,244
1244,244
1976,245
935,246
1037,245
1440,245
1963,245
1426,243
1789,246
1553,245
1301,245
1665,244
2002,244
823,245
1029,247
1952,244
1454,245
1071,245
1105,246
1785,245
1613,246
1231,245
1075,246
1152,246
1255,245
1937,246
1834,246
1129,246
1688,246
1241,246
1313,246
1217,246
1224,246
1096,247
1509,246
1093,246
1331,245
1754,246
1422,245
1946,246
1710,245
1969,246
841,245
1964,246
1295,246
1625,244
531,244
530,244
1833,245
1082,245
1555,244
1139,245
1438,245
2008,244
1954,245
1556,247
1308,245
628,244
1261,245
1767,245
1243,246
958,248
1245,245
1223,249
1526,246
1297,244
1970,245
1076,245
831,245
1167,248
991,244
1706,246
862,248
1319,244
1761,244
1279,245
1456,245
1229,245
1913,245
1270,245
1310,245
1966,244
1628,244
881,244
1140,244
1960,245
1951,244
1948,244
979,244
1385,245
1316,245
993,245
1564,245
1945,245
1198,246
1448,244
1578,245
911,244
1302,244
857,246
1698,245
1998,244
1941,245
1572,245
1233,246
1667,244
899,246
795,245
1078,244
1609,245
1630,245
995,246
1641,245
1119,245
1582,246
1084,246
1797,244
1873,245
1494,244
807,245
1427,244
1801,246
512,244
406,244
427,244
519,244
381,244
395,244
481,244
417,243
392,244
437,244
460,244
87,244
514,243
509,245
376,245
195,243
206,244
448,244
454,244
192,244
202,244
452,246
349,244
186,245
303,245
200,246
201,243
347,243
386,244
182,244
358,245
413,489
180,489
199,245
440,244
513,246
214,243
191,243
52,246
196,246
2019,246
471,243
416,243
511,243
203,246
210,245
494,244
205,245
36,245
207,245
462,245
179,244
184,245
456,244
193,246
188,245
335,246
467,245
181,245
493,245
204,245
371,244
491,247
189,244
45,245
26,244
281,245
168,490
479,489
170,246
197,245
439,244
516,490
187,246
176,245
322,246
178,245
444,247
321,490
209,245
173,490
35,244
466,246
443,246
326,244
166,244
223,244
59,244
232,246
222,245
163,245
183,245
455,486
147,243
225,244
255,245
245,244
216,245
236,244
185,244
212,245
449,245
73,246
194,246
165,246
312,244
221,245
224,244
272,244
418,247
290,245
172,244
244,245
190,245
299,245
442,245
257,244
385,245
228,244
241,245
55,244
156,245
486,497
247,247
174,246
1354,246
135,498
473,243
78,246
738,246
160,499
263,497
99,497
708,246
235,244
890,246
403,245
71,246
82,248
341,245
476,499
282,247
140,245
989,245
177,247
61,245
67,245
898,245
441,245
352,245
503,245
351,245
691,245
1137,245
158,244
435,244
635,244
1012,245
661,245
113,244
77,245
69,245
91,245
806,245
283,245
497,246
507,244
325,245
515,244
28,244
74,244
369,246
65,244
355,244
945,246
23,245
318,244
136,245
480,245
47,244
499,245
654,246
1013,245
333,243
310,245
468,244
1141,245
24,245
485,244
728,246
495,244
684,246
463,244
582,243
49,245
422,245
1018,245
1032,245
398,245
470,245
784,245
790,488
864,245
900,245
768,245
602,245
541,244
613,245
505,245
396,245
407,245
469,245
518,248
1349,247
700,248
780,248
80,492
1020,248
757,248
673,248
474,490
1145,249
632,489
510,491
64,245
584,488
640,488
488,489
752,490
677,489
549,492
270,490
711,250
432,488
508,491
1348,491
44,249
426,250
436,492
696,250
401,491
669,251
198,489
298,250
30,495
642,488
560,489
517,493
670,250
38,246
76,245
648,245
482,491
643,489
423,247
773,245
756,248
969,492
574,495
400,496
652,496
489,497
698,496
912,248
971,249
85,248
680,246
637,249
759,249
672,247
681,248
561,247
690,247
372,246
1894,491
1476,244
682,244
543,245
1341,496
1739,495
651,244
550,245
1216,493
1887,494
1053,245
1036,495
1893,493
397,251
869,245
977,246
1742,244
1399,245
563,245
1070,246
1398,245
1547,244
1891,244
1372,245
1879,244
1371,245
555,244
617,245
1337,245
478,245
761,245
1889,246
683,244
766,246
1517,245
1028,245
710,245
1258,245
749,244
567,245
701,245
1336,245
1375,245
735,245
713,246
1376,246
666,246
646,243
778,243
1720,244
626,244
1631,245
609,244
1780,244
529,245
1431,245
633,244
1482,246
1740,247
615,247
1755,245
1085,246
1409,245
645,246
716,246
772,244
1407,245
901,247
1872,245
1294,247
1567,244
1737,245
758,244
1829,244
1418,245
1729,245
1854,245
1083,246
1401,244
1738,244
956,244
1711,244
931,243
1874,244
1727,244
1589,244
1816,245
1417,245
1760,245
1490,245
1898,245
1352,245
1413,244
1693,245
1600,245
650,244
822,245
554,244
1901,245
622,244
744,244
608,245
1676,244
745,244
1747,244
603,245
639,244
604,244
743,244
687,244
699,244
1400,244
1763,246
1485,246
592,245
1410,245
686,245
1051,244
1847,244
727,244
819,246
599,245
1551,244
1618,244
1689,245
933,244
739,245
685,245
1392,245
1393,246
1006,244
636,244
1450,244
596,244
1343,244
1622,245
1532,245
1347,245
1507,245
668,246
1064,246
1674,249
585,492
1884,490
1515,248
1328,249
715,492
1765,491
722,247
1236,248
789,491
721,248
1394,248
1719,491
1433,490
1421,245
568,247
1607,248
1359,247
1734,249
548,491
1408,247
1345,245
763,492
1538,492
1486,248
551,493
627,494
1499,247
1402,248
1908,249
600,496
769,250
1811,249
569,247
607,248
546,247
1059,247
653,250
776,250
1619,495
1503,494
1749,493
1591,249
1668,248
1458,248
1863,249
880,248
1130,250
1395,495
1713,247
1474,496
1670,249
1602,495
1695,249
1527,247
1411,248
1633,248
1289,247
1897,494
1592,248
1817,246
1585,246
1298,246
1055,246
1721,248
1900,249
1460,248
1420,249
631,247
1429,246
1769,246
1709,249
1535,248
1831,248
1911,244
1543,247
1570,248
1796,249
1764,248
1523,245
1626,245
1593,252
1488,248
1033,246
1896,252
1905,247
1449,245
1500,245
1475,245
1902,244
1464,246
1843,247
1678,251
1736,252
1186,245
1868,251
1172,249
835,245
542,251
1745,251
1425,248
1621,248
1404,249
1115,251
1895,252
1744,251
1756,251
1447,252
1862,251
1492,496
1380,244
1196,244
1881,245
1204,245
1136,244
834,245
1704,244
1495,243
1473,244
1587,244
1211,246
851,245
1104,246
1861,244
1496,244
1699,245
1650,245
1191,243
1256,246
1057,244
1804,245
1571,246
865,245
1415,245
1182,245
1489,246
1866,247
1266,246
1045,252
1089,247
1143,247
1634,248
1685,246
1644,244
1498,244
946,246
1041,244
1707,247
1616,246
1662,245
1869,246
1814,244
1612,246
1534,491
1563,245
1234,246
1185,246
1806,247
883,245
893,245
1493,491
1192,246
1457,248
1751,248
1790,247
1875,246
1154,247
1462,247
1903,248
1680,247
1639,247
1597,247
1840,246
1909,490
1559,248
1876,247
1086,244
1770,245
1813,244
801,244
1642,244
1821,244
1111,244
847,244
1682,243
1257,244
941,245
1483,244
1439,244
1611,245
1023,244
1827,244
799,245
1269,244
1202,249
1994,249
1074,249
803,248
1314,248
1099,249
1292,248
1939,248
1542,248
1828,249
1263,245
1389,246
1944,249
1312,249
1973,245
813,245
1664,246
2004,244
852,248
1935,249
1671,248
1652,249
1596,248
1669,247
1144,248
1554,249
1726,248
1259,249
1215,249
1142,248
1907,245
1203,245
1984,250
589,248
1975,245
1983,248
1892,245
1696,246
1451,251
825,247
1915,247
1925,244
1391,246
1138,245
879,244
1325,244
1608,250
850,245
1815,250
1848,251
1878,244
1771,244
1320,244
1807,244
1251,244
1424,245
1272,245
2001,248
1702,247
1996,246
1712,246
1546,245
1586,246
1446,245
1212,246
1327,246
1155,252
2013,245
1794,246
1842,250
1656,245
1997,247
1201,245
1092,250
1396,246
1855,245
1228,245
1246,245
1991,245
848,245
1315,245
1686,244
1303,244
1923,244
1311,245
1265,245
1830,244
1683,245
1957,245
1679,245
1283,244
1926,243
1933,245
1708,245
1007,246
897,246
1549,246
1248,246
1694,245
1088,246
1267,244
1603,245
1264,244
1930,248
1419,247
1560,246
1087,245
1825,245
1273,245
1865,248
787,246
1321,245
1304,244
1149,245
1239,245
731,246
1657,244
1959,245
1716,245
812,244
1383,245
1922,246
1658,245
1837,244
885,245
1412,245
1965,246
1978,245
1388,245
1003,245
1247,245
1659,246
1976,244
1775,244
1440,244
1426,244
1928,245
1963,245
1544,246
1789,244
1029,244
1454,244
889,245
1037,245
1785,244
1075,243
935,245
1553,244
1613,243
1244,245
1514,245
1301,246
1152,245
2017,489
838,245
1210,488
1313,244
1255,245
1031,489
1150,489
2002,246
1937,244
1952,246
1105,246
1665,245
1071,245
1640,491
1754,244
823,245
1537,491
1834,246
1688,245
1217,245
1980,492
1710,244
1129,245
1241,244
1885,490
1318,490
1300,489
1181,489
1096,246
1509,246
1422,245
1093,245
1331,244
1224,247
1946,246
1295,245
1082,245
1214,493
1969,246
1964,246
1438,244
530,245
1833,246
1555,244
2008,244
1625,245
841,247
1139,245
1556,244
1954,244
531,245
1706,287
1319,287
1243,288
1526,288
628,289
1308,289
1076,288
1948,283
991,288
881,283
1966,283
1310,287
862,288
1761,288
1970,289
1960,283
1223,289
831,289
1297,288
1167,287
1229,286
1767,288
1270,286
1279,286
1456,286
1261,288
1245,288
1609,270
1448,283
1198,282
1945,282
1941,271
1385,282
1913,287
1140,283
958,289
1628,283
979,282
1951,283
1630,272
911,284
1084,270
1078,272
1233,273
1564,284
1316,285
1572,272
1582,271
1427,268
1578,283
1698,272
795,271
1302,283
395,245
1641,271
427,245
1119,271
995,271
512,246
1494,268
993,287
899,272
857,283
1998,273
1873,269
1667,273
376,244
195,244
514,244
807,269
509,244
481,246
417,245
392,245
460,245
437,245
519,246
1801,267
406,246
87,245
1797,272
381,246
192,243
206,244
448,244
452,243
454,245
303,243
202,244
349,243
200,245
186,245
201,246
182,246
180,246
386,247
347,247
358,246
199,246
413,246
2019,246
52,247
191,247
214,247
440,248
196,248
471,248
210,247
207,245
416,247
511,248
456,246
203,248
184,246
462,246
513,255
36,252
204,250
181,250
35,247
205,253
170,250
232,247
179,252
494,253
466,248
443,248
187,249
163,247
321,249
245,246
188,252
193,253
168,251
371,252
197,251
516,250
222,247
467,251
59,247
178,249
326,248
209,249
455,245
223,246
147,244
166,247
189,250
272,244
444,248
224,244
172,244
165,245
221,244
216,247
312,244
73,245
212,246
449,245
322,250
255,246
176,250
491,251
244,245
45,251
439,250
225,246
183,247
185,245
335,251
493,252
479,250
173,248
281,251
26,251
257,244
194,246
190,244
290,245
236,247
418,245
385,245
228,247
299,249
241,247
442,249
55,247
156,247
350,2240
331,2241
101,2259
79,2260
276,2247
247,244
486,244
103,2264
95,2264
277,2253
107,2265
93,2265
135,245
174,246
99,245
104,488
1354,246
473,246
898,244
282,244
78,246
160,245
67,244
263,245
341,244
177,245
738,247
75,2269
235,247
351,245
989,245
708,246
69,244
1358,488
68,489
1137,245
403,247
441,246
890,247
352,245
141,489
61,246
476,246
1012,246
71,246
41,489
140,246
158,247
288,2256
82,245
105,2270
113,246
91,246
337,2252
325,246
435,247
497,245
691,247
635,246
500,2242
283,245
308,2255
23,246
503,246
359,2252
136,245
355,247
74,247
72,2272
304,2256
62,2273
65,247
318,246
66,2272
316,492
1013,244
515,246
499,246
28,246
77,246
507,246
20,492
661,246
302,2257
47,246
374,2252
480,246
654,246
333,244
56,2274
84,2272
306,2256
945,247
394,2250
369,247
332,2257
310,246
728,245
24,245
463,245
57,2276
445,2250
495,245
684,246
582,246
49,245
422,244
328,2260
1032,246
790,245
365,2257
470,245
398,246
468,247
383,2256
900,245
1141,247
784,245
1018,246
292,2264
602,245
297,2263
541,245
864,245
613,245
768,244
485,247
505,245
469,244
320,2262
396,246
407,246
1349,243
506,2255
780,243
518,244
90,2283
700,245
1020,244
344,2265
296,2268
461,2258
80,245
46,2286
270,245
673,247
379,2265
640,246
711,245
474,246
670,244
432,245
632,246
1145,246
642,245
76,245
669,246
1348,246
287,2272
353,2267
393,2264
436,247
64,246
198,247
44,247
643,245
517,245
560,245
648,245
488,247
314,2270
677,247
752,247
508,246
426,246
423,245
756,245
298,246
38,245
30,246
482,245
549,246
696,246
757,247
584,246
401,245
102,2286
510,246
773,247
969,246
574,245
400,244
33,2294
211,2289
340,2275
652,244
115,2293
215,2288
472,2268
698,245
492,2267
317,2277
51,2295
111,2294
63,2295
213,2290
489,246
390,2275
404,2274
377,2276
50,2298
477,2271
912,244
175,2296
85,244
759,244
680,244
637,244
647,2267
971,244
681,243
672,244
237,2291
389,2278
561,244
143,2297
208,2294
753,2266
581,2271
128,2299
690,244
372,244
94,2301
624,2275
1894,246
117,2305
367,2285
133,2304
431,2281
612,2275
162,2304
96,2305
1036,245
267,2294
305,2289
565,2276
1476,245
651,245
1053,245
1739,246
1742,245
1216,246
771,2275
1887,247
465,2282
1341,246
869,246
783,489
397,245
682,246
1398,246
689,2276
606,489
1547,246
286,2294
550,247
1070,246
566,489
1893,247
977,246
1399,245
543,247
258,2297
124,2307
1258,245
1891,246
564,490
1337,246
1372,247
793,2275
1879,246
667,490
701,246
1028,247
630,2281
1762,491
930,490
478,248
1889,247
567,245
529,244
1336,256
1720,247
131,2320
555,247
766,246
714,490
710,246
1371,247
694,491
1431,245
1377,502
27,2323
657,2290
1780,245
1631,245
646,248
948,499
609,244
280,2307
666,253
1376,254
138,2319
122,2320
749,256
665,2289
132,2319
330,2302
626,246
354,2301
450,2295
778,246
249,2311
106,2320
116,2320
617,248
1482,244
544,491
324,2295
856,491
1342,490
1505,492
1375,246
563,249
735,246
164,2325
683,247
1517,247
1808,491
713,245
761,248
233,2319
750,2294
1085,244
1409,244
1351,2252
1755,244
1740,244
645,243
615,244
734,2291
633,245
558,2299
528,2299
130,2326
451,2302
580,2298
1284,2265
1401,244
987,2286
621,2302
740,2299
1355,2258
1854,247
1418,247
578,2303
820,2298
707,2302
902,2291
724,2299
1407,248
1737,248
1083,245
901,248
782,2298
1360,2255
772,249
1567,248
1729,246
695,2299
894,2291
774,2298
758,248
706,2299
1294,248
261,2321
230,2324
1829,246
1872,247
716,248
826,2299
610,2304
736,2300
679,2302
746,2300
928,2299
583,2312
577,2312
965,2296
800,2308
1589,248
1490,247
931,248
924,2300
794,2308
1000,2296
975,2298
1600,245
1727,248
650,246
1417,248
1898,247
1413,247
608,245
1274,2280
1676,245
904,2302
970,2298
1760,248
1357,2268
956,249
1352,247
1901,245
712,2311
1874,249
1738,250
822,246
939,2300
142,2342
744,245
1711,249
1693,247
641,2312
554,245
275,2331
622,245
1816,248
676,2312
1122,2287
828,2306
998,2298
639,244
687,244
1747,245
1326,2276
603,244
745,245
1008,2297
951,2300
743,244
1218,2283
994,2305
1884,245
927,2312
1064,246
1674,245
585,245
1328,245
1765,245
1392,252
1236,245
1343,250
668,250
739,252
568,245
1719,246
819,254
596,250
1734,245
721,247
548,246
1485,256
1763,256
1551,255
1607,247
1507,250
1622,250
722,247
1532,250
1450,251
1059,245
1006,252
1515,246
1347,250
715,246
1689,252
686,257
569,246
1591,245
1749,245
600,245
546,245
1345,247
1503,244
776,244
1402,246
1499,246
551,246
1051,257
1847,256
627,246
592,257
1908,245
1538,246
604,258
880,246
607,245
769,245
1618,255
685,254
1394,247
636,254
727,255
1486,245
1410,256
1130,246
1056,2307
1359,246
1400,256
1433,247
699,257
688,2325
763,245
1408,245
226,2350
1421,246
1393,252
933,252
1633,244
789,245
599,253
1695,245
1713,245
1602,245
1411,245
1721,242
1474,244
1395,244
1811,246
1289,245
1897,246
1817,244
1527,245
1670,246
996,2318
1420,243
1900,244
1429,244
1460,244
1055,245
1298,246
1543,244
631,244
1585,246
1535,245
1831,245
1709,245
1911,244
522,2339
1592,248
1570,245
1764,245
1475,244
1796,245
1769,247
659,2338
1786,2264
1736,244
1843,243
1905,244
1626,246
1523,246
1896,245
1449,245
1868,244
1500,245
595,2341
1902,246
1488,246
1593,246
542,246
835,246
1895,245
1186,246
1741,2270
1172,246
1404,246
1678,246
1425,246
1115,246
1447,246
1744,246
1492,245
1745,247
1621,246
1120,2320
1136,245
834,245
1278,2313
1495,249
1196,250
967,2334
1496,249
545,2350
532,2351
1866,249
1204,252
1045,250
1571,251
1464,255
579,2351
1089,249
1380,252
1484,2294
1599,2287
1041,249
1634,249
1110,2327
1266,250
1489,250
865,249
791,2346
1881,252
1758,2281
1480,2298
1615,2290
697,2352
1034,2335
883,250
1814,251
1616,251
1806,251
893,252
946,254
1483,249
1565,2295
1682,250
1800,2279
1493,250
1534,253
1707,252
1994,248
1596,245
1501,2301
1939,248
1099,247
1828,247
1935,246
1389,246
1023,250
1202,248
1257,250
1680,251
1259,245
1984,244
1907,244
1086,251
1611,250
1909,251
1142,245
1639,251
1042,2338
1263,247
1821,250
1457,252
919,2345
1074,248
1944,246
1439,249
1154,250
1804,256
1192,251
562,2362
1704,262
589,246
1696,245
1627,2296
1312,250
1983,245
1892,245
1324,2323
1203,244
760,2356
2004,248
1726,245
1033,265
723,2357
1975,244
1798,2283
1215,245
1554,245
1314,248
1144,244
813,247
1669,245
1652,247
1664,247
1292,248
1973,247
1542,248
1671,247
803,248
852,246
1451,244
873,2356
747,2362
737,2362
896,2355
1397,2314
1391,245
1807,244
879,245
1320,244
1815,244
1915,245
1138,246
1366,2321
1325,247
1925,247
1272,245
1608,245
1848,246
1771,246
634,2368
2013,245
1996,246
850,246
1794,245
1878,246
1424,245
825,247
816,2363
1405,2317
884,2358
1315,245
1251,246
1164,2341
1733,2300
1478,2314
1957,245
1403,2320
848,245
1155,247
1446,247
1991,245
1361,2324
1228,245
1997,246
1546,246
798,2368
1923,247
1702,246
1586,246
1248,245
1367,2325
1087,245
1694,245
1855,245
1092,245
1201,245
1697,2300
1712,246
1327,245
1396,245
1062,2348
1656,245
1842,245
1246,244
2001,246
1603,246
787,245
1011,2355
1598,2311
571,2375
1549,245
1267,246
1930,244
1088,245
1825,244
1273,243
1311,246
1265,246
1303,247
1212,246
1830,245
1683,244
1679,245
1686,245
1264,247
1865,246
1657,244
1149,247
1370,2326
1860,2296
1441,2323
1383,245
812,244
1304,245
1239,245
866,2366
1419,246
1716,244
1560,246
973,2359
1132,2351
1858,2296
1959,246
1922,245
1321,247
731,246
1620,2311
524,2379
1205,2347
1864,2296
1899,2290
1748,2306
1614,2314
1658,245
885,244
1965,244
1412,244
1837,244
1978,244
1003,244
1976,244
1659,245
1454,244
1247,245
1440,244
1963,244
1775,244
1928,244
1388,245
1426,244
1553,244
1544,245
935,244
1785,245
1789,246
1244,244
1613,245
889,245
1037,245
1075,245
1301,244
1029,245
1231,489
1514,244
1937,245
1640,244
1210,245
2017,246
838,246
1105,246
1952,246
1665,246
823,245
1152,247
1150,246
1031,246
2002,246
1071,246
1710,246
1313,246
1754,246
1255,247
1181,245
1885,245
1980,246
1834,247
1300,246
1537,247
1629,2324
1318,246
1509,245
1217,247
1096,246
1241,246
1129,246
1833,244
1438,245
1139,244
1331,246
1688,248
1295,245
1093,246
1969,245
1964,245
1555,244
531,244
1625,244
1954,244
1214,245
2008,245
841,245
1556,244
1082,246
530,245
1844,2312
1561,2374
1319,244
1243,244
628,245
1076,243
1526,244
1706,245
862,243
1308,245
1970,243
1761,243
1966,245
991,245
1310,245
1297,244
881,245
1960,244
1223,244
1229,244
831,244
1948,245
1767,244
1167,245
1279,245
1628,244
1245,245
1261,245
979,244
1456,245
1913,246
1448,246
1698,244
958,245
1198,246
1140,245
1609,246
1084,245
1270,247
1941,246
1385,246
395,243
1119,244
1302,244
1945,246
1316,245
1578,245
427,244
1582,245
1427,245
1494,245
509,244
514,244
1641,244
795,245
1078,246
1667,245
1951,246
1564,245
911,246
437,245
406,245
1463,2391
1851,2366
1820,2369
392,244
519,244
1801,244
512,246
460,244
1170,2417
1468,2390
1112,2421
1873,245
857,245
1998,245
417,245
376,245
481,245
807,244
1630,247
899,245
1233,246
995,245
195,244
1572,246
993,245
1725,2377
1595,2384
1168,2419
1810,2370
1703,2377
452,246
303,247
1906,2362
186,247
202,247
349,247
454,247
200,247
1777,2377
1732,2380
182,244
386,244
347,244
1477,2397
1673,2385
1573,2391
180,245
1232,2421
358,245
1213,2422
1904,2364
413,245
199,245
1545,2394
1610,2390
1645,2388
2019,244
1461,2399
1723,2384
954,2442
1774,2382
201,251
416,249
456,248
440,249
191,251
207,249
471,249
511,249
462,249
214,251
196,250
1812,2385
1390,2410
1506,2404
210,249
52,250
203,248
983,2445
184,248
35,243
513,244
204,245
36,245
181,244
1513,2407
466,245
455,243
205,245
467,244
179,245
187,245
1772,2391
443,246
223,244
494,246
209,244
371,246
197,246
193,246
168,246
59,246
321,246
166,245
245,247
170,248
326,246
222,247
188,248
147,247
178,247
516,248
232,249
1557,2408
224,246
1127,2444
272,247
189,247
439,246
212,247
491,247
1125,2445
165,248
493,245
1459,2416
176,246
173,246
1479,2415
1097,2447
73,248
335,246
183,246
1701,2401
172,248
255,247
244,248
216,247
449,249
45,247
190,246
194,246
221,247
322,247
312,247
1541,2413
185,248
225,248
444,249
385,246
26,247
1788,2397
228,246
101,244
1705,2404
1743,2403
1921,2382
350,246
1731,2403
2014,2371
952,2460
1209,2444
331,245
1466,2419
1095,2451
1469,2419
1974,2375
299,247
1207,2445
156,246
241,246
442,247
276,246
1525,2416
55,246
1081,2455
1735,2404
1979,2376
1977,2375
1956,2378
1235,2444
79,246
1117,2452
1849,2396
486,244
1174,2450
247,244
1759,2405
1972,2379
174,245
99,245
277,246
160,244
107,246
103,247
473,244
1146,2455
67,244
1845,2402
135,246
95,247
93,246
989,245
806,489
898,245
282,245
263,245
1354,245
1822,2404
738,246
837,2476
104,244
78,244
341,247
325,243
1943,2387
1137,245
82,244
141,244
68,244
403,244
75,245
441,244
708,245
235,245
69,245
91,246
337,246
691,245
140,246
500,245
435,244
308,246
288,245
105,245
351,247
1012,245
497,244
1358,246
113,245
61,246
41,245
283,244
71,245
352,246
890,246
306,247
316,248
476,246
507,247
332,246
158,245
635,244
1013,248
177,247
1063,2471
374,248
66,248
503,249
20,247
864,245
445,247
359,249
1281,2455
654,246
1982,2390
72,248
56,247
499,248
62,248
515,247
74,247
355,247
480,245
900,247
790,248
47,245
302,245
398,248
23,247
65,246
304,246
28,245
318,245
1141,247
602,247
784,247
905,2484
728,250
292,247
541,247
470,248
365,246
495,247
422,247
582,247
684,247
49,247
57,248
310,248
333,248
463,247
1032,245
77,248
24,247
328,245
136,250
369,23792
1649,28131
1888,29983
862,29846
661,31167
422,31835
1208,36759
973,35846
1183,40114
1213,39866
1491,44412
1460,43873
44,45692
71,47304
1840,48712
1991,50904
1922,52338
131,55694
161,-1
169,-1
254,-1
152,-1
151,-1
256,-1
252,-1
119,-1
157,-1
227,-1
153,-1
217,-1
243,-1
251,-1
144,-1
139,-1
238,-1
242,-1
126,-1
145,-1
154,-1
159,-1
250,-1
134,-1
259,-1
253,-1
262,-1
150,-1
167,-1
171,-1
220,-1
219,-1
148,-1
218,-1
239,-1
231,-1
121,-1
273,-1
98,-1
234,-1
265,-1
137,-1
118,-1
229,-1
240,-1
260,-1
100,-1
300,-1
97,-1
125,-1
246,-1
271,-1
274,-1
89,-1
123,-1
109,-1
127,-1
266,-1
269,-1
149,-1
120,-1
361,-1
279,-1
348,-1
110,-1
336,-1
285,-1
83,-1
329,-1
60,-1
301,-1
284,-1
268,-1
293,-1
291,-1
294,-1
1144,57950
295,-1
1208,23524
311,-1
343,-1
357,-1
146,-1
315,-1
339,-1
58,-1
388,-1
433,-1
309,-1
43,-1
370,-1
129,-1
31,-1
81,-1
387,-1
323,-1
25,-1
346,-1
356,-1
86,-1
53,-1
92,-1
421,-1
490,-1
37,-1
399,-1
22,-1
419,-1
378,-1
54,-1
342,-1
21,-1
70,-1
504,-1
438,-1
453,-1
425,-1
362,-1
415,-1
384,-1
248,-1
501,-1
420,-1
414,-1
428,-1
475,-1
29,-1
498,-1
429,-1
459,-1
412,-1
112,-1
424,-1
410,-1
338,-1
40,-1
264,-1
391,-1
319,-1
408,-1
34,-1
496,-1
364,-1
155,-1
363,-1
446,-1
382,-1
39,-1
42,-1
380,-1
108,-1
487,-1
327,-1
334,-1
345,-1
307,-1
278,-1
289,-1
313,-1
32,-1
409,-1
88,-1
484,-1
411,-1
114,-1
434,-1
366,-1
483,-1
447,-1
464,-1
375,-1
430,-1
360,-1
402,-1
373,-1
48,-1
368,-1
502,-1
458,-1
457,-1
405,-1
775,-1
1344,-1
717,-1
1346,-1
614,-1
526,-1
910,-1
570,-1
618,-1
693,-1
663,-1
598,-1
742,-1
594,-1
533,-1
573,-1
590,-1
703,-1
779,-1
824,-1
537,-1
1010,-1
547,-1
572,-1
1330,-1
559,-1
1280,-1
720,-1
576,-1
625,-1
616,-1
1332,-1
718,-1
818,-1
675,-1
605,-1
1173,-1
906,-1
1334,-1
988,-1
962,-1
777,-1
1030,-1
1016,-1
1128,-1
1052,-1
1286,-1
1253,-1
1002,-1
1004,-1
597,-1
726,-1
1356,-1
656,-1
1068,-1
810,-1
1054,-1
704,-1
1338,-1
1339,-1
536,-1
882,-1
940,-1
802,-1
936,-1
644,-1
1126,-1
767,-1
922,-1
1024,-1
741,-1
611,-1
556,-1
591,-1
770,-1
764,-1
619,-1
877,-1
733,-1
986,-1
725,-1
1090,-1
629,-1
1160,-1
729,-1
960,-1
972,-1
937,-1
1293,-1
992,-1
751,-1
982,-1
875,-1
953,-1
804,-1
709,-1
553,-1
925,-1
1368,-1
797,-1
1329,-1
808,-1
1107,-1
1014,-1
586,-1
620,-1
908,-1
755,-1
1335,-1
1124,-1
1072,-1
601,-1
1040,-1
849,-1
785,-1
980,-1
886,-1
1179,-1
830,-1
997,-1
811,-1
539,-1
1222,-1
1080,-1
1102,-1
1369,-1
535,-1
655,-1
1262,-1
587,-1
781,-1
748,-1
1230,-1
1158,-1
923,-1
961,-1
1114,-1
1162,-1
1282,-1
649,-1
888,-1
662,-1
557,-1
796,-1
664,-1
892,-1
1268,-1
947,-1
1156,-1
1373,-1
1288,-1
593,-1
1116,-1
1364,-1
660,-1
1353,-1
527,-1
692,-1
588,-1
932,-1
678,-1
538,-1
914,-1
957,-1
1166,-1
1296,-1
638,-1
1073,-1
966,-1
523,-1
732,-1
1340,-1
623,-1
968,-1
1307,-1
984,-1
1220,-1
1365,-1
788,-1
671,-1
990,-1
552,-1
1290,-1
1118,-1
1049,-1
520,-1
964,-1
674,-1
832,-1
978,-1
1067,-1
854,-1
974,-1
705,-1
1374,-1
1350,-1
860,-1
762,-1
1169,-1
575,-1
1103,-1
1046,-1
1187,-1
792,-1
1134,-1
1206,-1
730,-1
926,-1
1242,-1
719,-1
921,-1
976,-1
702,-1
955,-1
765,-1
1362,-1
1044,-1
1050,-1
1038,-1
1026,-1
949,-1
867,-1
963,-1
1048,-1
754,-1
858,-1
916,-1
1022,-1
786,-1
1363,-1
1691,-1
1722,-1
1536,-1
1661,-1
1406,-1
1569,-1
1065,-1
1502,-1
1752,-1
1575,-1
1467,-1
1435,-1
1423,-1
1856,-1
942,-1
1882,-1
1497,-1
1637,-1
1487,-1
1472,-1
1540,-1
1870,-1
1605,-1
1623,-1
1508,-1
1470,-1
1647,-1
1061,-1
1724,-1
1113,-1
1453,-1
1504,-1
1577,-1
1416,-1
1101,-1
805,-1
1455,-1
1414,-1
1021,-1
1047,-1
1180,-1
1880,-1
1601,-1
1687,-1
1194,-1
1511,-1
1579,-1
1672,-1
1387,-1
1177,-1
1043,-1
944,-1
1581,-1
1877,-1
817,-1
1471,-1
1165,-1
1910,-1
1481,-1
1109,-1
1225,-1
1465,-1
1291,-1
1079,-1
1135,-1
1066,-1
1200,-1
1826,-1
1958,-1
1190,-1
1916,-1
1912,-1
1238,-1
1226,-1
1199,-1
1452,-1
1386,-1
1981,-1
1753,-1
1178,-1
540,-1
1518,-1
907,-1
658,-1
1548,-1
1971,-1
1058,-1
878,-1
1305,-1
1666,-1
1643,-1
918,-1
853,-1
1384,-1
1443,-1
1252,-1
1992,-1
1654,-1
2007,-1
1524,-1
1791,-1
1859,-1
915,-1
1778,-1
950,-1
840,-1
1962,-1
1250,-1
1171,-1
814,-1
1766,-1
1189,-1
1529,-1
1221,-1
1175,-1
2000,-1
1717,-1
1249,-1
1299,-1
895,-1
1938,-1
920,-1
1832,-1
1924,-1
1850,-1
1005,-1
1803,-1
1651,-1
1379,-1
1989,-1
1260,-1
1147,-1
1914,-1
844,-1
839,-1
1530,-1
1934,-1
1835,-1
827,-1
1094,-1
1968,-1
1606,-1
1184,-1
1677,-1
981,-1
1961,-1
1077,-1
887,-1
1635,-1
909,-1
1531,-1
809,-1
1317,-1
1566,-1
1001,-1
1955,-1
1123,-1
1714,-1
1562,-1
1381,-1
2016,-1
876,-1
1521,-1
815,-1
1655,-1
1604,-1
1060,-1
1648,-1
534,-1
1805,-1
1019,-1
1783,-1
1953,-1
1890,-1
1151,-1
1836,-1
861,-1
1237,-1
1823,-1
1638,-1
1636,-1
1322,-1
863,-1
1936,-1
1919,-1
1580,-1
1069,-1
1176,-1
1091,-1
1995,-1
1271,-1
1920,-1
2012,-1
1746,-1
1227,-1
1818,-1
1986,-1
1988,-1
1275,-1
1333,-1
2009,-1
1323,-1
1306,-1
525,-1
1802,-1
1993,-1
842,-1
1510,-1
943,-1
1857,-1
2011,-1
1121,-1
1035,-1
1871,-1
1841,-1
1700,-1
1428,-1
1846,-1
1715,-1
1684,-1
2015,-1
1773,-1
1999,-1
1646,-1
1853,-1
1219,-1
1967,-1
1197,-1
1787,-1
1990,-1
1617,-1
1757,-1
1782,-1
1750,-1
903,-1
2018,-1
1839,-1
1378,-1
2003,-1
1985,-1
1148,-1
1583,-1
1520,-1
1886,-1
1584,-1
1728,-1
891,-1
1632,-1
1940,-1
1660,-1
1516,-1
855,-1
913,-1
959,-1
1809,-1
1159,-1
1188,-1
1027,-1
1195,-1
1867,-1
1161,-1
1539,-1
1106,-1
1100,-1
1558,-1
1793,-1
1819,-1
1445,-1
1568,-1
1163,-1
1624,-1
1522,-1
1108,-1
2010,-1
859,-1
846,-1
999,-1
872,-1
521,-1
1157,-1
1550,-1
1442,-1
2005,-1
1810,60248
1909,61144
71,17306
133,65322
1991,15462
1572,68235
1642,68998
1596,71001
1852,76031
1653,78502
294,20611
1382,83229
1234,82502
1865,84897
1246,87356
683,88054
1792,93136
821,94231
929,97092
1899,95851
1594,100317
1264,99322
1015,104151
1309,105259
1285,106591
1314,106837
1935,108467
1932,113002
258,112231
1634,114207
1899,20418
1075,117861
631,119444
1663,124172
2006,126696
871,127609
1975,127304
1950,132641
995,131928
845,138364
784,137001
1652,138881
1634,27340
1686,142178
249,144063
1098,149174
1554,147007
1675,151438
1779,151780
1679,150123
1768,155782
1838,158381
1560,157088
1017,161597
934,164162
1292,162506
1240,165782
1153,169473
1341,168861
1542,172134
1191,175490
1032,179393
1205,182932
1657,186174
1512,193506
1165,-1
1832,-1
1387,-1
1579,-1
60,-1
364,-1
295,-1
459,-1
1632,-1
936,-1
974,-1
1452,-1
1981,-1
248,-1
338,-1
1684,-1
1470,-1
1877,-1
171,-1
1995,-1
1222,-1
988,-1
830,-1
127,-1
1364,-1
533,-1
1077,-1
730,-1
1524,-1
108,-1
1550,-1
1717,-1
527,-1
1068,-1
649,-1
1237,-1
1118,-1
1584,-1
1428,-1
1955,-1
575,-1
1175,-1
1467,-1
329,-1
797,-1
153,-1
1100,-1
1857,-1
1378,-1
429,-1
671,-1
1106,-1
1562,-1
419,-1
1655,-1
754,-1
779,-1
903,-1
217,-1
502,-1
540,-1
1577,-1
1019,-1
1548,-1
1406,-1
1113,-1
1423,-1
433,-1
536,-1
1374,-1
1558,-1
663,-1
301,-1
849,-1
591,-1
962,-1
1472,-1
1221,-1
157,-1
420,-1
265,-1
120,-1
804,-1
742,-1
1047,-1
618,-1
909,-1
1715,-1
1322,-1
878,-1
285,-1
867,-1
1280,-1
764,-1
415,-1
271,-1
1643,-1
1230,-1
1268,-1
863,-1
48,-1
891,-1
557,-1
1126,-1
345,-1
755,-1
1793,-1
1123,-1
1016,-1
1672,-1
1219,-1
339,-1
1752,-1
937,-1
1188,-1
167,-1
234,-1
1753,-1
1809,-1
709,-1
872,-1
586,-1
910,-1
1638,-1
1520,-1
83,-1
266,-1
242,-1
877,-1
950,-1
118,-1
1867,-1
984,-1
259,-1
559,-1
70,-1
53,-1
619,-1
1079,-1
1910,-1
1249,-1
1134,-1
336,-1
238,-1
1605,-1
1919,-1
1666,-1
1624,-1
1046,-1
741,-1
1566,-1
1094,-1
1220,-1
846,-1
1818,-1
1661,-1
1021,-1
291,-1
1001,-1
1180,-1
1536,-1
411,-1
2016,-1
1539,-1
913,-1
770,-1
375,-1
1072,-1
860,-1
373,-1
1687,-1
264,-1
1529,-1
594,-1
944,-1
1206,-1
997,-1
123,-1
1332,-1
660,-1
1384,-1
1971,-1
1722,-1
625,-1
21,-1
588,-1
1575,-1
424,-1
240,-1
972,-1
129,-1
1381,-1
732,-1
1882,-1
144,-1
1291,-1
1253,-1
918,-1
1049,-1
1856,-1
620,-1
1880,-1
1504,-1
792,-1
31,-1
145,-1
1114,-1
644,-1
1162,-1
1992,-1
161,-1
1103,-1
1286,-1
718,-1
1986,-1
978,-1
940,-1
1362,-1
154,-1
1317,-1
1414,-1
1502,-1
1335,-1
1714,-1
762,-1
501,-1
402,-1
2003,-1
980,-1
1782,-1
1766,-1
535,-1
817,-1
32,-1
573,-1
662,-1
1886,-1
692,-1
1859,-1
1746,-1
1757,-1
725,-1
702,-1
1189,-1
1043,-1
729,-1
148,-1
1961,-1
810,-1
447,-1
289,-1
139,-1
703,-1
1819,-1
616,-1
284,-1
253,-1
484,-1
252,-1
246,-1
243,-1
992,-1
1275,-1
705,-1
892,-1
1481,-1
92,-1
623,-1
1290,-1
2000,-1
1958,-1
781,-1
1054,-1
1305,-1
1080,-1
981,-1
1169,-1
1540,-1
97,-1
279,-1
719,-1
1282,-1
1296,-1
775,-1
1999,-1
1178,-1
1677,-1
438,-1
269,-1
37,-1
818,-1
1187,-1
1916,-1
1121,-1
229,-1
81,-1
678,-1
751,-1
1340,-1
29,-1
327,-1
1171,-1
1691,-1
932,-1
1435,-1
1773,-1
788,-1
895,-1
239,-1
1646,-1
1161,-1
490,-1
1225,-1
1184,-1
414,-1
114,-1
1333,-1
410,-1
1724,-1
110,-1
1836,-1
1968,-1
1802,-1
1128,-1
1443,-1
1052,-1
1601,-1
2007,-1
1453,-1
538,-1
990,-1
1144,-1
368,-1
961,-1
1386,-1
572,-1
832,-1
1516,-1
539,-1
1190,-1
957,-1
428,-1
1791,-1
458,-1
1356,-1
1177,-1
1985,-1
218,-1
1581,-1
1262,-1
1091,-1
1329,-1
457,-1
1166,-1
315,-1
227,-1
1471,-1
334,-1
1936,-1
859,-1
1242,-1
1195,-1
955,-1
1648,-1
1002,-1
1510,-1
152,-1
1124,-1
380,-1
638,-1
25,-1
2012,-1
1176,-1
1934,-1
2005,-1
597,-1
907,-1
39,-1
525,-1
1194,-1
273,-1
1522,-1
556,-1
1487,-1
923,-1
43,-1
1445,-1
382,-1
86,-1
1654,-1
1151,-1
2015,-1
842,-1
966,-1
408,-1
1912,-1
814,-1
1160,-1
126,-1
1252,-1
1250,-1
2011,-1
704,-1
487,-1
1617,-1
1583,-1
720,-1
840,-1
348,-1
854,-1
1871,-1
1026,-1
262,-1
960,-1
1307,-1
853,-1
1148,-1
1990,-1
655,-1
313,-1
1967,-1
1350,-1
1227,-1
1369,-1
1518,-1
1750,-1
453,-1
1293,-1
1637,-1
220,-1
159,-1
151,-1
523,-1
2018,-1
855,-1
785,-1
1805,-1
1339,-1
378,-1
384,-1
361,-1
922,-1
274,-1
1163,-1
1604,-1
231,-1
1004,-1
366,-1
959,-1
1531,-1
926,-1
1365,-1
54,-1
360,-1
1323,-1
1363,-1
1226,-1
387,-1
1353,-1
1635,-1
1938,-1
1197,-1
1157,-1
914,-1
1511,-1
149,-1
475,-1
526,-1
169,-1
1038,-1
1835,-1
1061,-1
1107,-1
109,-1
916,-1
357,-1
777,-1
412,-1
1173,-1
1010,-1
534,-1
1787,-1
112,-1
875,-1
421,-1
1940,-1
100,-1
307,-1
137,-1
824,-1
388,-1
767,-1
1846,-1
986,-1
999,-1
949,-1
552,-1
496,-1
268,-1
309,-1
844,-1
614,-1
827,-1
1288,-1
2009,-1
1109,-1
1455,-1
405,-1
311,-1
1803,-1
888,-1
1159,-1
504,-1
121,-1
1066,-1
1102,-1
293,-1
576,-1
1988,-1
1135,-1
1569,-1
921,-1
251,-1
1027,-1
323,-1
1823,-1
1651,-1
1069,-1
915,-1
1379,-1
570,-1
521,-1
342,-1
656,-1
629,-1
1179,-1
1330,-1
254,-1
1147,-1
1580,-1
1299,-1
363,-1
858,-1
733,-1
300,-1
839,-1
811,-1
1199,-1
805,-1
796,-1
1521,-1
1568,-1
1778,-1
1647,-1
1338,-1
146,-1
346,-1
1048,-1
1022,-1
464,-1
119,-1
1058,-1
125,-1
1920,-1
953,-1
1158,-1
1306,-1
587,-1
1334,-1
1044,-1
498,-1
765,-1
815,-1
802,-1
861,-1
2010,-1
260,-1
598,-1
343,-1
982,-1
1108,-1
664,-1
1989,-1
920,-1
1014,-1
605,-1
908,-1
356,-1
1962,-1
1005,-1
1416,-1
520,-1
1606,-1
1271,-1
134,-1
1060,-1
1024,-1
726,-1
430,-1
425,-1
964,-1
256,-1
675,-1
748,-1
1090,-1
674,-1
942,-1
590,-1
1623,-1
882,-1
1067,-1
1841,-1
1953,-1
1344,-1
278,-1
906,-1
1368,-1
1636,-1
1530,-1
1853,-1
887,-1
593,-1
40,-1
483,-1
89,-1
1839,-1
1700,-1
1101,-1
34,-1
22,-1
1660,-1
1826,-1
42,-1
1200,-1
250,-1
391,-1
808,-1
876,-1
362,-1
1728,-1
963,-1
886,-1
150,-1
925,-1
1156,-1
1508,-1
1116,-1
1260,-1
370,-1
1035,-1
1783,-1
434,-1
658,-1
1040,-1
1924,-1
611,-1
1465,-1
1346,-1
1065,-1
1850,-1
1870,-1
693,-1
786,-1
537,-1
446,-1
968,-1
553,-1
155,-1
947,-1
1993,-1
98,-1
601,-1
1497,-1
1030,-1
319,-1
1373,-1
399,-1
1914,-1
809,-1
1050,-1
717,-1
1442,-1
976,-1
1890,-1
547,-1
1073,-1
58,-1
1238,-1
88,-1
943,-1
219,-1
409,-1
524,193849
868,199699
352,199164
1730,204245
1656,204707
1451,208044
1824,213454
1576,215994
1359,217616
938,224067
1254,228860
1590,231287
1983,231958
1434,236899
1929,240665
803,241073
463,243188
1444,250957
1947,254089
1517,255165
1437,261915
1595,263410
24,267457
1927,272114
1132,273722
1168,276415
1858,278535
1703,280298
450,284146
